{
    "STIF": {
        "wtf1": 1.0,
        "wtf2": 240000.0,
        "wtf3": 240000.0,
        "byte1": -1,
        "flagindex": -1,
        "byte3": 3,
        "byte4": 0,
        "unk": "FF 00 FF FF"
    },
    "LYLT": [
        {
            "layer": 13,
            "demo_high": 12,
            "demo_low": 2,
            "dummy": -1
        }
    ],
    "LAY ": {
        "l0": {},
        "l1": {},
        "l2": {},
        "l3": {},
        "l4": {},
        "l5": {},
        "l6": {},
        "l7": {},
        "l8": {},
        "l9": {},
        "l10": {},
        "l11": {},
        "l12": {},
        "l13": {},
        "l14": {},
        "l15": {},
        "l16": {},
        "l17": {},
        "l18": {},
        "l19": {},
        "l20": {},
        "l21": {},
        "l22": {},
        "l23": {},
        "l24": {},
        "l25": {},
        "l26": {},
        "l27": {},
        "l28": {}
    },
    "rooms": {
        "r00": {
            "SCEN": [
                {
                    "name": "F001r",
                    "room": 1,
                    "layer": 13,
                    "entrance": 1,
                    "byte4": 2,
                    "byte5": 0,
                    "flag6": 0,
                    "zero": 0,
                    "flag8": 0
                }
            ],
            "EVNT": [
                {
                    "unk": "00 00 FF FF FF FF 64 02 FF 00 00 00 00 FF FF FF FF 03 FF FF FF FF FF FF",
                    "name": "demo01"
                }
            ],
            "PLY ": [
                {
                    "unk1": "FF FF FF FF",
                    "posx": -6.01033878326416,
                    "posy": 0.0,
                    "posz": -24.709747314453125,
                    "unk2": "00 00 00 00 00 00 00 00"
                },
                {
                    "unk1": "FF FF 00 FF",
                    "posx": -247.42129516601562,
                    "posy": 61.855281829833984,
                    "posz": 247.421142578125,
                    "unk2": "00 00 00 00 00 00 00 01"
                }
            ],
            "LAY ": {
                "l0": {},
                "l1": {
                    "OBJN": [
                        "IslTrea"
                    ],
                    "ARCN": [
                        "IslTreG"
                    ],
                    "OBJ ": [
                        {
                            "byte1": -1,
                            "tosky_scen_link": -1,
                            "scen_link": -1,
                            "byte4": -10,
                            "unk1": "FF FF FF FF",
                            "posx": -21.129180908203125,
                            "posy": 8.411786079406738,
                            "posz": -8.20729923248291,
                            "event_flag": 0,
                            "unk2": "00 00 00",
                            "talk_behaviour": 0,
                            "unk3": "FC 00",
                            "name": "IslTrea"
                        }
                    ]
                },
                "l2": {},
                "l3": {},
                "l4": {},
                "l5": {},
                "l6": {},
                "l7": {},
                "l8": {},
                "l9": {},
                "l10": {},
                "l11": {},
                "l12": {},
                "l13": {},
                "l14": {},
                "l15": {},
                "l16": {},
                "l17": {},
                "l18": {},
                "l19": {},
                "l20": {},
                "l21": {},
                "l22": {},
                "l23": {},
                "l24": {},
                "l25": {},
                "l26": {},
                "l27": {},
                "l28": {}
            }
        }
    }
}